drug_id,iso_smiles
d2fbd221751a0eeb9374db076db862ca,C1CNCCC1NC(=O)C2=C(C=NN2)NC(=O)C3=C(C=CC=C3Cl)Cl
62cc49a819a8f33f1c9e5f8739b7d7db,C[C@@]12[C@@H]([C@@H](C[C@@H](O1)N3C4=CC=CC=C4C5=C6C(=C7C8=CC=CC=C8N2C7=C53)CNC6=O)NC)OC
775ca8fddd2e08c358dfcdb8a0f3e241,CCN(CC)CCNC(=O)C1=C(NC(=C1C)/C=C\2/C3=C(C=CC(=C3)F)NC2=O)C
dbe72e3c288726c1e3acf9d2f727d7ec,C=CC(=O)NC1=C(C=C2C(=C1)C(=NC=N2)NC3=CC(=C(C=C3)F)Cl)OCCCN4CCOCC4
eb00b883de2720442bb6f62374c2587a,CN1CC[C@@H]([C@@H](C1)O)C2=C(C=C(C3=C2OC(=CC3=O)C4=CC=CC=C4Cl)O)O
ed7297ee51eadc877c71a4172c63a814,CC1=C(C=CC=N1)C(=O)NC2=C3C(=CC(=C2OC)Cl)C4=C(N3)C=NC=C4
a0db6f3b6dbda5ec735dc6ef06c86264,C1CC1CONC(=O)C2=C(C(=C(C=C2)F)F)NC3=C(C=C(C=C3)I)Cl
2a560b1be88cdc1f88119732ac1fdce8,CC1=C(C=C(C=C1)NC(=O)C2=CC=C(C=C2)CN3CCN(CC3)C)NC4=NC(=CS4)C5=CN=CC=C5
fec208e713090b8b05f1c6a8ac046755,CC1(CNC2=C1C=CC(=C2)NC(=O)C3=C(N=CC=C3)NCC4=CC=NC=C4)C
4090d589ac83ab718bd08cbf99c1834d,CN1C2=NC(=NC=C2C=C(C1=O)C3=C(C=CC=C3Cl)Cl)NC4=CC(=CC=C4)SC
59df75f70f226e7a50c823c2d21fa7fd,CC1(C(=O)NC2=C(O1)C=CC(=N2)NC3=NC(=NC=C3F)NC4=CC(=C(C(=C4)OC)OC)OC)C.C1=CC=C(C=C1)S(=O)(=O)O
0f2b142c0370e165793f9ecabe1d706b,CC(C)(C)C1=CN=C(O1)CSC2=CN=C(S2)NC(=O)C3CCNCC3
56cf6e22745460b24fa0f9822cce3bb2,CC1=CC(=C(C=C1)F)NC(=O)NC2=CC=C(C=C2)C3=C4C(=CC=C3)NN=C4N
951cf1df82db6b589608dcac0be31e1d,CC1=CC2=C(N1)C=CC(=C2F)OC3=NC=NN4C3=C(C(=C4)OC[C@@H](C)O)C
016152b1d53e33da643f4e4d66f61a73,CC(C)S(=O)(=O)C1=CC=CC=C1NC2=NC(=NC=C2Cl)NC3=C(C=C(C=C3)N4CCC(CC4)N5CCN(CC5)C)OC
7651fb11cc03867dcfa322e4a01da270,CC1=C(C=C(C=C1)NC2=NC=CC(=N2)N(C)C3=CC4=NN(C(=C4C=C3)C)C)S(=O)(=O)N
c211bf909aaa057c107f515d3886da51,CC1=C(C=C(C=C1)C(=O)NC2=CC(=CC(=C2)N3C=C(N=C3)C)C(F)(F)F)NC4=NC=CC(=N4)C5=CN=CC=C5
9d6d566536d7bfdf2e2956bdf3391dab,CS(=O)(=O)CCNCC1=CC=C(O1)C2=CC3=C(C=C2)N=CN=C3NC4=CC(=C(C=C4)OCC5=CC(=CC=C5)F)Cl
faaf14499b2c99690cfce1fbd6a84c02,CS(=O)(=O)N1CCN(CC1)CC2=CC3=C(S2)C(=NC(=N3)C4=C5C=NNC5=CC=C4)N6CCOCC6
9ee8e9905f7b6110e16717dd88f6ab5f,CN1C=C(C=N1)C2=NN3C(=NN=C3SC4=CC5=C(C=C4)N=CC=C5)C=C2
aa0f265a0550073022506c6d768c2101,C1COCCN1C2=NC(=NC3=C2OC4=C3C=CC=N4)C5=CC(=CC=C5)O
33a04c0d7065363c296525c028f22a9f,CN1CCN(CC1)CC(=O)N(C)C2=CC=C(C=C2)N/C(=C\3/C4=C(C=C(C=C4)C(=O)OC)NC3=O)/C5=CC=CC=C5
13eefbcd66f73ad2ba98f92f17df6f3f,CC(C(=O)O)O.CN1CCN(CC1)C2=CC3=C(C=C2)N/C(=C\4/C(=C5C(=NC4=O)C=CC=C5F)N)/N3.O
5ab1a17ef380eedf84c634bb282c8d15,C1=CC=C2C(=C1)C(=NN=C2NC3=CC=C(C=C3)Cl)CC4=CC=NC=C4
9598f8c9f79dfbe79d6d7a66ffb56180,CC1=CC2=C(C=C1)N=C(C3=NC=C(N23)C)NCCN.Cl
0695479dd56da218bf9a49107df80d4b,COC1=CC2=C(C=CN=C2C=C1OCCCN3CCOCC3)OC4=C(C=C(C=C4)NC(=O)C5(CC5)C(=O)NC6=CC=C(C=C6)F)F
62cd11070d4995e6e769ecb52168360f,CN1C2=C(C=C(C=C2)OC3=CC(=NC=C3)C4=NC=C(N4)C(F)(F)F)N=C1NC5=CC=C(C=C5)C(F)(F)F
5b6a8d9113fd958d391b4f72443ef49b,CNC(=O)C1=CC=CC=C1SC2=CC3=C(C=C2)C(=NN3)/C=C/C4=CC=CC=N4
539c04231b26a41281e763e9f01e6668,CN1C=NC2=C1C=C(C(=C2F)NC3=C(C=C(C=C3)Br)Cl)C(=O)NOCCO
3d23c0598d1f880be37f7581f474ac30,COC1=C(C=C2C(=C1)N=CN=C2NC3=CC(=C(C=C3)F)Cl)OCCCN4CCOCC4
bbdcbd67b814777e172f5f1cf70889c2,COC1=CC=C(C=C1)COC2=C(C=C(C=C2)CC3=CN=C(N=C3N)N)OC
9ee0811b8574c0cddd5f5f2eb37f092c,CC1=C(NC(=C1C(=O)NCC(CN2CCOCC2)O)C)/C=C\3/C4=C(C=CC(=C4)F)NC3=O
a116ecc65bf0b8cc0fe22cd52e151790,C[C@H](C1=C(C=CC(=C1Cl)F)Cl)OC2=C(N=CC(=C2)C3=CN(N=C3)C4CCNCC4)N
0bd4a5685ff4673e80043dfd2ced3d01,CN1CCN(CC1)CCCOC2=C(C=C3C(=C2)N=CC(=C3NC4=CC(=C(C=C4Cl)Cl)OC)C#N)OC
c70c379f9d6fa82838dd8ee59194cbb6,CCN(CCCOC1=CC2=C(C=C1)C(=NC=N2)NC3=NNC(=C3)CC(=O)NC4=CC(=CC=C4)F)CCO
c67084b5dbfcd018f1346af74e3a72e2,CCN1C2=C(C(=NC=C2OC[C@H]3CCCNC3)C#CC(C)(C)O)N=C1C4=NON=C4N
5d0a5886787a07849dbef650e436dc46,C1CN(CCN1)C(=O)C2=CC=C(C=C2)/C=C/C3=NNC4=CC=CC=C43
2feff4b217458edb99f37ea544a74ed5,CC(C)(C)C1=CC(=NO1)NC(=O)NC2=CC=C(C=C2)C3=CN4C5=C(C=C(C=C5)OCCN6CCOCC6)SC4=N3
a6ed1c11b4aae6b2036110ccd02130f7,CC(C)N1C2=C(/C(=C\3/C=C4C=C(C=CC4=N3)O)/N1)C(=NC=N2)N
8bd4594f95186b62a1f94e4f7ee26676,C1CCC(C1)[C@@H](CC#N)N2C=C(C=N2)C3=C4C=CNC4=NC=N3.OP(=O)(O)O
ecf85f945947e024c65e43a7800ea4f9,CCOC1=C(C=C2C(=C1)N=CC(=C2NC3=CC(=C(C=C3)OCC4=CC=CC=N4)Cl)C#N)NC(=O)/C=C/CN(C)C
fce03039e2969efca16f5788783ff940,CC(C)OC1=CC=C(C=C1)NC(=O)N2CCN(CC2)C3=NC=NC4=CC(=C(C=C43)OC)OCCCN5CCCCC5
9a69117b4afd8ea389255b1639379bcb,CC1=C(C=C(C=C1)NC(=O)C2=CC=C(C=C2)CN3CCN(CC3)C)NC4=NC=CC(=N4)C5=CN=CC=C5
df8288c87abe8b2e38b048a54a6b1fed,CCN1CCN(CC1)CC2=C(C=C(C=C2)NC(=O)NC3=CC=C(C=C3)OC4=NC=NC(=C4)NC)C(F)(F)F
7687b0f34cd6bc5bb37d97d15392a0a8,C1C2=CN=C(N=C2C3=C(C=C(C=C3)Cl)C(=N1)C4=C(C=CC=C4F)F)NC5=CC=C(C=C5)C(=O)O
3fc480a90b9c6149b3885d38ee403c3b,CC1=CC2=C(N1)C=CC(=C2F)OC3=NC=NC4=CC(=C(C=C43)OC)OCCCN5CCCC5
142aa133c4cde787d89eb0d357a626fc,C1C/C(=N\O)/C2=C1C=C(C=C2)C3=CN(N=C3C4=CC=NC=C4)CCO
45308732379475b836f7552ee7c5528c,CN1CCC(CC1)COC2=C(C=C3C(=C2)N=CN=C3NC4=C(C=C(C=C4)Br)F)OC
89d5cbd4324fb3d9eabad7b339fc948b,CN(C)C/C=C/C(=O)NC1=C(C=C2C(=C1)C(=NC=N2)NC3=CC(=C(C=C3)F)Cl)O[C@H]4CCOC4
951d58f0b6870c5296b74d18412e9e30,CN1CCN(CC1)C(=O)C2=CC3=C(N2)C=CC(=C3)Cl
f7d0a10c4654c85475311db290281301,C[C@@H]1CCN(C[C@@H]1N(C)C2=NC=NC3=C2C=CN3)C(=O)CC#N
3fb5e1faf3733e1faf9893fe06961ce7,C1=CC(=CC(=C1)O)C2=NC3=C(N=C2C4=CC(=CC=C4)O)N=C(N=C3N)N
e5d7dd13cf8c8643eab6c4a82e379cfb,COCCOC1=C(C=C2C(=C1)C(=NC=N2)NC3=CC=CC(=C3)C#C)OCCOC
9404f3ff5461d39185ce1275744ccf06,CNC(=O)C1=NC=CC(=C1)OC2=CC=C(C=C2)NC(=O)NC3=CC(=C(C=C3)Cl)C(F)(F)F
550cd57b242102be3caf5eefffa1f021,CN(C)C[C@@H]1CCN2C=C(C3=CC=CC=C32)C4=C(C5=CN(CCO1)C6=CC=CC=C65)C(=O)NC4=O
fb90ed3d251914086d817e111f0322a2,CC1=C(C(=CC=C1)Cl)NC(=O)C2=CN=C(S2)NC3=NC(=NC(=C3)N4CCN(CC4)CCO)C
fda684efbed72529d74f16741cf64a14,CC1=CC=C(C=C1)N2C(=CC(=N2)C(C)(C)C)NC(=O)NC3=CC=C(C4=CC=CC=C43)OCCN5CCOCC5
9ab7edb952c02fa217288147a745b3e1,CC[C@@H]1C(=O)N(C2=CN=C(N=C2N1C3CCCC3)NC4=C(C=C(C=C4)C(=O)NC5CCN(CC5)C)OC)C
d94fde830ddd59f587fc18b85aa77ccf,CC1=C(NC(=C1C(=O)N2CCC[C@@H]2CN3CCCC3)C)/C=C\4/C5=C(C=CC(=C5)S(=O)(=O)CC6=C(C=CC=C6Cl)Cl)NC4=O
ac959ccf4406bd519187b7fdb2860133,C[C@@]12[C@](C[C@@H](O1)N3C4=CC=CC=C4C5=C6C(=C7C8=CC=CC=C8N2C7=C53)CNC6=O)(CO)O
7270e47de202f3f588c701a59d79fae5,CCCS(=O)(=O)NC1=C(C(=C(C=C1)F)C(=O)C2=CNC3=NC=C(C=C23)Cl)F
e15a7e97c6f527eedb478a12eb88df17,CN1C=C(C2=CC=CC=C21)C3=C(C(=O)NC3=O)C4=CN(C5=CC=CC=C54)C6CCN(CC6)CC7=CC=CC=N7
31a279bb3f98d677f9059d2c187acca4,CC1=CC(=NN1)NC2=NC(=NC(=C2)N3CCN(CC3)C)SC4=CC=C(C=C4)NC(=O)C5CC5
5b44bbd956e5c0c715c956f847f61642,CC1=CN=C(N=C1NC2=CC(=CC=C2)S(=O)(=O)NC(C)(C)C)NC3=CC=C(C=C3)OCCN4CCCC4
4a80a9104f84b771bed5a15715a4d592,CC1=C2C=C(C=CC2=NN1)C3=CC(=CN=C3)OC[C@H](CC4=CC=CC=C4)N
8bb228429c2d3af87cf881ca66b1f081,CS(=O)C1=CC=C(C=C1)C2=NC(=C(N2)C3=CC=NC=C3)C4=CC=C(C=C4)F
de4cc20a435ee51b4e154a07e8f2b8b3,C1=CC(=C(C(=C1)Cl)C2=C3C=CC(=NN3C=NC2=O)SC4=C(C=C(C=C4)F)F)Cl
1c0d8b671bc5b6ed11d83a4f8bfe839e,C[C@]12[C@@H]([C@H](C[C@H](O1)N3C4=CC=CC=C4C5=C6C(=C7C8=CC=CC=C8N2C7=C53)CNC6=O)N(C)C(=O)C9=CC=CC=C9)OC
